"0","dbinom(x=1:5, size= 10, prob=0.5)
"
"1","[1]"
"1"," 0.009765625"
"1"," 0.043945312"
"1"," 0.117187500"
"1","
"
"1","[4]"
"1"," 0.205078125"
"1"," 0.246093750"
"1","
"
